[
    {
        "english": "Aardvark",
        "french": "Aardvark",
        "italian": "Aardvark"
    },
    {
        "english": "Albatross",
        "french": "Albatros",
        "italian": "Albatros"
    },
    {
        "english": "Axolotl",
        "french": "Axolotl",
        "italian": "Axolotl"
    },
    {
        "english": "Binturong",
        "french": "Binturong",
        "italian": "Binturong"
    },
    {
        "english": "Blobfish",
        "french": "Poisson blob",
        "italian": "Pesce blob"
    },
    {
        "english": "Bonito",
        "french": "Bonite",
        "italian": "Bonito"
    },
    {
        "english": "Capybara",
        "french": "Capybara",
        "italian": "Capibara"
    },
    {
        "english": "Cassowary",
        "french": "Casoar",
        "italian": "Cassowary"
    },
    {
        "english": "Civets",
        "french": "Civette",
        "italian": "Civetta"
    },
    {
        "english": "Coati",
        "french": "Coati",
        "italian": "Coati"
    },
    {
        "english": "Cotton-top Tamarin",
        "french": "Tamarin à tête de coton",
        "italian": "Tamarino dalla testa di cotone"
    },
    {
        "english": "Dugong",
        "french": "Dugong",
        "italian": "Dugongo"
    },
    {
        "english": "Echidna",
        "french": "Échidné",
        "italian": "Echinidea"
    },
    {
        "english": "Gerenuk",
        "french": "Gerenuk",
        "italian": "Gerenuk"
    },
    {
        "english": "Gibbon",
        "french": "Gibbon",
        "italian": "Gibbon"
    },
    {
        "english": "Guinea Fowl",
        "french": "Pintade",
        "italian": "Faraona"
    },
    {
        "english": "Hedgehog",
        "french": "Hérisson",
        "italian": "Riccio"
    },
    {
        "english": "Indri",
        "french": "Indri",
        "italian": "Indri"
    },
    {
        "english": "Kakapo",
        "french": "Kakapo",
        "italian": "Kakapo"
    },
    {
        "english": "Kinkajou",
        "french": "Kinkajou",
        "italian": "Kinkajou"
    },
    {
        "english": "Komodo Dragon",
        "french": "Dragon de Komodo",
        "italian": "Drago di Komodo"
    },
    {
        "english": "Lemur",
        "french": "Lémur",
        "italian": "Lemure"
    },
    {
        "english": "Maned Wolf",
        "french": "Loup à crinière",
        "italian": "Lupo dalla criniera"
    },
    {
        "english": "Marabou Stork",
        "french": "Marabout",
        "italian": "Marabù"
    },
    {
        "english": "Narwhal",
        "french": "Narval",
        "italian": "Narvalo"
    },
    {
        "english": "Okapi",
        "french": "Okapi",
        "italian": "Okapi"
    },
    {
        "english": "Oryx",
        "french": "Oryx",
        "italian": "Orix"
    },
    {
        "english": "Pangolin",
        "french": "Pangolin",
        "italian": "Pangolino"
    },
    {
        "english": "Peacock",
        "french": "Paon",
        "italian": "Pavone"
    },
    {
        "english": "Platypus",
        "french": "Ornithorynque",
        "italian": "Platypus"
    },
    {
        "english": "Proboscis Monkey",
        "french": "Singe proboscis",
        "italian": "Scimmia proboscide"
    },
    {
        "english": "Quokka",
        "french": "Quokka",
        "italian": "Quokka"
    },
    {
        "english": "Ratel",
        "french": "Ratel",
        "italian": "Ratel"
    },
    {
        "english": "Rhea",
        "french": "Rhea",
        "italian": "Rhea"
    },
    {
        "english": "Sea Cucumber",
        "french": "Concombre de mer",
        "italian": "Cetriolo di mare"
    },
    {
        "english": "Sea Urchin",
        "french": "Oursin",
        "italian": "Riccio di mare"
    },
    {
        "english": "Serval",
        "french": "Serval",
        "italian": "Serval"
    },
    {
        "english": "Shoebill",
        "french": "Balaeniceps",
        "italian": "Cicogna scarpa"
    },
    {
        "english": "Sifaka",
        "french": "Sifaka",
        "italian": "Sifaka"
    },
    {
        "english": "Sloth Bear",
        "french": "Ours paresseux",
        "italian": "Orso pigro"
    },
    {
        "english": "Spectacled Bear",
        "french": "Ours à lunettes",
        "italian": "Orso dagli occhiali"
    },
    {
        "english": "Spiny Anteater",
        "french": "Échinide",
        "italian": "Echinide"
    },
    {
        "english": "Tarsier",
        "french": "Tarsier",
        "italian": "Tarsio"
    },
    {
        "english": "Tasmanian Devil",
        "french": "Diable de Tasmanie",
        "italian": "Diavolo della Tasmania"
    },
    {
        "english": "Tree Kangaroo",
        "french": "Kangourou arboricole",
        "italian": "Canguro arboricolo"
    },
    {
        "english": "Vulture",
        "french": "Vautour",
        "italian": "Avvoltoio"
    },
    {
        "english": "Wallaby",
        "french": "Wallaby",
        "italian": "Wallaby"
    },
    {
        "english": "Wombat",
        "french": "Wombat",
        "italian": "Wombat"
    },
    {
        "english": "Yeti Crab",
        "french": "Crabe Yéti",
        "italian": "Granchio Yeti"
    },
    {
        "english": "Zorilla",
        "french": "Zorille",
        "italian": "Zorilla"
    },
    {
        "english": "Zebu",
        "french": "Zébu",
        "italian": "Zebu"
    },
    {
        "english": "Zonkey",
        "french": "Zèbre-donkey",
        "italian": "Zebruccio"
    }
]