[
    { "english": "Alligator", "french": "Alligator", "italian": "Alligatore" },
    { "english": "Armadillo", "french": "Tatou", "italian": "Pangolino" },
    { "english": "Badger", "french": "Blaireau", "italian": "Tasso" },
    { "english": "Beetle", "french": "Scarabée", "italian": "Coleottero" },
    { "english": "Bison", "french": "Bison", "italian": "Bisonte" },
    { "english": "Boar", "french": "Sanglier", "italian": "Cinghiale" },
    { "english": "Buffalo", "french": "Buffle", "italian": "Bufalo" },
    { "english": "Cheetah", "french": "Guépard", "italian": "Ghepardo" },
    { "english": "Chinchilla", "french": "Chinchilla", "italian": "Cincillà" },
    { "english": "Cockatoo", "french": "Cacatoès", "italian": "Cacatua" },
    { "english": "Comet", "french": "Comète", "italian": "Cometa" },
    { "english": "Coyote", "french": "Coyote", "italian": "Coyote" },
    { "english": "Crab", "french": "Crabe", "italian": "Granchio" },
    { "english": "Dodo", "french": "Dodo", "italian": "Dodo" },
    { "english": "Dragonfly", "french": "Libellule", "italian": "Libellula" },
    { "english": "Eagle", "french": "Aigle", "italian": "Aquila" },
    { "english": "Eel", "french": "Anguille", "italian": "Anguilla" },
    { "english": "Falcon", "french": "Faucon", "italian": "Falco" },
    { "english": "Ferret", "french": "Furet", "italian": "Furetto" },
    { "english": "Giraffe", "french": "Girafe", "italian": "Giraffa" },
    { "english": "Goose", "french": "Oie", "italian": "Oca" },
    { "english": "Grizzly Bear", "french": "Ours grizzli", "italian": "Orso grizzly" },
    { "english": "Hummingbird", "french": "Colibri", "italian": "Colibrì" },
    { "english": "Hyena", "french": "Hyène", "italian": "Iena" },
    { "english": "Jaguar", "french": "Jaguar", "italian": "Giaguaro" },
    { "english": "Kangaroo Rat", "french": "Rat kangourou", "italian": "Ratto canguro" },
    { "english": "Kingfisher", "french": "Martin-pêcheur", "italian": "Martin pescatore" },
    { "english": "Lynx", "french": "Lynx", "italian": "Lince" },
    { "english": "Mole", "french": "Taupe", "italian": "Talpa" },
    { "english": "Mongoose", "french": "Mangouste", "italian": "Mongoose" },
    { "english": "Ocelot", "french": "Ocelot", "italian": "Ocelotto" },
    { "english": "Okapi", "french": "Okapi", "italian": "Okapi" },
    { "english": "Opossum", "french": "Opossum", "italian": "Opossum" },
    { "english": "Pelican", "french": "Pélican", "italian": "Pellicano" },
    { "english": "Platypus", "french": "Ornithorynque", "italian": "Platypus" },
    { "english": "Puma", "french": "Puma", "italian": "Puma" },
    { "english": "Raccoon", "french": "Raton laveur", "italian": "Procione" },
    { "english": "Red Fox", "french": "Renard roux", "italian": "Volpe rossa" },
    { "english": "Rhinoceros", "french": "Rhinocéros", "italian": "Rinoceronte" },
    { "english": "Salamander", "french": "Salamandre", "italian": "Salamandra" },
    { "english": "Sea Lion", "french": "Otarie", "italian": "Leone marino" },
    { "english": "Skunk", "french": "Moufette", "italian": "Puzzola" },
    { "english": "Sloth", "french": "Paresseux", "italian": "Bradipo" },
    { "english": "Spider", "french": "Araignée", "italian": "Ragno" },
    { "english": "Squid", "french": "Calmar", "italian": "Calamaro" },
    { "english": "Squirrel", "french": "Écureuil", "italian": "Scoiattolo" },
    { "english": "Tapir", "french": "Tapir", "italian": "Tapire" },
    { "english": "Tarantula", "french": "Tarantule", "italian": "Tarantola" },
    { "english": "Toucan", "french": "Toucan", "italian": "Tucano" },
    { "english": "Warthog", "french": "Phacochère", "italian": "Facocero" },
    { "english": "Wildebeest", "french": "Gnou", "italian": "Gnu" },
    { "english": "Wolf", "french": "Loup", "italian": "Lupo" },
    { "english": "Woodpecker", "french": "Pic", "italian": "Picchio" },
    { "english": "Zebra", "french": "Zèbre", "italian": "Zebra" }
]
