[
    { "english": "The cat is sleeping on the couch.", "french": "Le chat dort sur le canapé.", "italian": "Il gatto sta dormendo sul divano." },
    { "english": "The dog barked at the mailman.", "french": "Le chien a aboyé contre le facteur.", "italian": "Il cane ha abbaiato contro il postino." },
    { "english": "A bird flew over the garden.", "french": "Un oiseau a survolé le jardin.", "italian": "Un uccello ha sorvolato il giardino." },
    { "english": "The fish swam in the clear water.", "french": "Le poisson nageait dans l'eau claire.", "italian": "Il pesce nuotava nell'acqua limpida." },
    { "english": "The horse galloped across the field.", "french": "Le cheval a galopé à travers le champ.", "italian": "Il cavallo ha galoppato attraverso il campo." },
    { "english": "The cow gives us fresh milk every day.", "french": "La vache nous donne du lait frais chaque jour.", "italian": "La mucca ci dà latte fresco ogni giorno." },
    { "english": "The sheep are grazing in the meadow.", "french": "Les moutons paissent dans le pré.", "italian": "Le pecore stanno pascolando nel prato." },
    { "english": "The pig rolled in the mud.", "french": "Le cochon s'est roulé dans la boue.", "italian": "Il maiale si è rotolato nel fango." },
    { "english": "The chicken laid an egg in the coop.", "french": "La poule a pondu un œuf dans le poulailler.", "italian": "La gallina ha deposto un uovo nel pollaio." },
    { "english": "The duck quacked loudly at the pond.", "french": "Le canard a coincoiné bruyamment près de l'étang.", "italian": "L'anatra ha quackato rumorosamente vicino allo stagno." },
    { "english": "The rabbit hopped around the garden.", "french": "Le lapin a sauté autour du jardin.", "italian": "Il coniglio saltellava intorno al giardino." },
    { "english": "The elephant is the largest land animal.", "french": "L'éléphant est le plus grand animal terrestre.", "italian": "L'elefante è l'animale terrestre più grande." },
    { "english": "The lion roared in the jungle.", "french": "Le lion a rugi dans la jungle.", "italian": "Il leone ha ruggito nella giungla." },
    { "english": "The tiger has beautiful stripes.", "french": "Le tigre a de magnifiques rayures.", "italian": "Il tigre ha bellissime strisce." },
    { "english": "The bear hibernates during the winter.", "french": "L'ours hiberne pendant l'hiver.", "italian": "L'orso va in letargo durante l'inverno." },
    { "english": "The monkey swung from tree to tree.", "french": "Le singe se balançait de l'arbre à l'arbre.", "italian": "La scimmia dondolava da un albero all'altro." },
    { "english": "The giraffe has a very long neck.", "french": "La girafe a un cou très long.", "italian": "La giraffa ha un collo molto lungo." },
    { "english": "The zebra's stripes are unique.", "french": "Les rayures du zèbre sont uniques.", "italian": "Le strisce della zebra sono uniche." },
    { "english": "The kangaroo jumped high.", "french": "Le kangourou a sauté très haut.", "italian": "Il canguro ha saltato molto in alto." },
    { "english": "The panda eats bamboo.", "french": "Le panda mange du bambou.", "italian": "Il panda mangia bambù." },
    { "english": "The penguin waddled across the ice.", "french": "Le pingouin a marché en se dandinant sur la glace.", "italian": "Il pinguino zampettava sul ghiaccio." },
    { "english": "The seal played in the ocean waves.", "french": "La otarie jouait dans les vagues de l'océan.", "italian": "La foca giocava tra le onde dell'oceano." },
    { "english": "The whale breached the surface of the water.", "french": "La baleine a fait surface.", "italian": "La balena è emersa in superficie." },
    { "english": "The dolphin is very intelligent.", "french": "Le dauphin est très intelligent.", "italian": "Il delfino è molto intelligente." },
    { "english": "The ostrich is the fastest bird on land.", "french": "L'autruche est l'oiseau terrestre le plus rapide.", "italian": "L'struzzo è l'uccello più veloce sulla terraferma." },
    { "english": "The eagle soared high in the sky.", "french": "L'aigle a plané haut dans le ciel.", "italian": "L'aquila volava alta nel cielo." },
    { "english": "The hawk hunted for prey.", "french": "Le faucon chassait sa proie.", "italian": "Il falco cacciava la preda." },
    { "english": "The parrot mimicked human speech.", "french": "Le perroquet imite la parole humaine.", "italian": "Il pappagallo imitava il linguaggio umano." },
    { "english": "The turkey strutted around the farm.", "french": "Le dinde se pavanait autour de la ferme.", "italian": "Il tacchino si pavoneggiava intorno alla fattoria." },
    { "english": "The goat climbed the rocky hillside.", "french": "La chèvre a grimpé sur le versant rocheux.", "italian": "La capra è salita sulla collina rocciosa." },
    { "english": "The llama carried supplies across the mountain.", "french": "Le lama transportait des fournitures à travers la montagne.", "italian": "Il lama trasportava rifornimenti attraverso la montagna." },
    { "english": "The camel crossed the desert.", "french": "Le chameau a traversé le désert.", "italian": "Il cammello ha attraversato il deserto." },
    { "english": "The hedgehog curled into a ball.", "french": "Le hérisson s'est roulé en boule.", "italian": "Il riccio si è arrotolato in una palla." },
    { "english": "The bat flew out of the cave.", "french": "La chauve-souris est sortie de la grotte.", "italian": "Il pipistrello è uscito dalla grotta." },
    { "english": "The squirrel gathered nuts for winter.", "french": "L'écureuil ramassait des noix pour l'hiver.", "italian": "Lo scoiattolo raccoglieva noci per l'inverno." },
    { "english": "The deer walked quietly through the forest.", "french": "Le cerf marchait silencieusement à travers la forêt.", "italian": "Il cervo camminava silenziosamente nella foresta." },
    { "english": "The moose wandered near the lake.", "french": "L'orignal errait près du lac.", "italian": "L'alce vagava vicino al lago." },
    { "english": "The rhinoceros charged at the intruder.", "french": "Le rhinocéros a chargé l'intrus.", "italian": "Il rinoceronte ha caricato l'intruso." },
    { "english": "The hippo lounged in the water.", "french": "L'hippopotame se prélassait dans l'eau.", "italian": "L'ippopotamo si rilassava nell'acqua." },
    { "english": "The sloth moved very slowly through the trees.", "french": "Le paresseux se déplaçait très lentement à travers les arbres.", "italian": "Il bradipo si muoveva molto lentamente tra gli alberi." },
    { "english": "The otter played with a pebble.", "french": "La loutre jouait avec un caillou.", "italian": "La lontra giocava con un ciottolo." },
    { "english": "The cheetah chased after its prey.", "french": "Le guépard a poursuivi sa proie.", "italian": "Il ghepardo ha inseguito la sua preda." },
    { "english": "The wolf howled at the full moon.", "french": "Le loup a hurlé à la pleine lune.", "italian": "Il lupo ululava alla luna piena." },
    { "english": "The jaguar prowled through the jungle.", "french": "Le jaguar rôdait dans la jungle.", "italian": "Il giaguaro si aggirava nella giungla." },
    { "english": "The puma climbed up the rocky cliff.", "french": "Le puma a grimpé sur la falaise rocheuse.", "italian": "Il puma è salito sulla parete rocciosa." },
    { "english": "The sea turtle swam across the ocean.", "french": "La tortue marine a traversé l'océan.", "italian": "La tartaruga marina ha attraversato l'oceano." },
    { "english": "The jellyfish drifted with the current.", "french": "La méduse dérivait avec le courant.", "italian": "La medusa derivava con la corrente." },
    { "english": "The octopus hid in a crevice.", "french": "Le poulpe se cachait dans une crevasse.", "italian": "Il polpo si nascondeva in una fessura." },
    { "english": "The seagull circled above the beach.", "french": "La mouette tournoyait au-dessus de la plage.", "italian": "Il gabbiano sorvolava sopra la spiaggia." },
    { "english": "The starfish clung to the rocks.", "french": "L'étoile de mer s'accrochait aux rochers.", "italian": "La stella marina si aggrappava alle rocce." },
    { "english": "The porcupine's quills were very sharp.", "french": "Les piquants du porc-épic étaient très acérés.", "italian": "I denti del porcospino erano molto affilati." },
    { "english": "The armadillo rolled into a ball for protection.", "french": "L'armadillo s'est roulé en boule pour se protéger.", "italian": "Il tatu si è arrotolato in una palla per proteggersi." },
    { "english": "The baboon groomed its friend.", "french": "Le babouin a toiletté son ami.", "italian": "Il babbuino ha fatto la toelettatura al suo amico." },
    { "english": "The koala slept in the eucalyptus tree.", "french": "Le koala dormait dans l'arbre à eucalyptus.", "italian": "Il koala dormiva nell'albero di eucalipto." }
]
