[
    { "id": 1, "english": "Cat", "french": "Chat", "italian": "Gatto" },
    { "id": 2, "english": "Dog", "french": "Chien", "italian": "Cane" },
    { "id": 3, "english": "Bird", "french": "Oiseau", "italian": "Uccello" },
    { "id": 4, "english": "Fish", "french": "Poisson", "italian": "Pesce" },
    { "id": 5, "english": "Horse", "french": "Cheval", "italian": "Cavallo" },
    { "id": 6, "english": "Cow", "french": "Vache", "italian": "Mucca" },
    { "id": 7, "english": "Sheep", "french": "Mouton", "italian": "Pecora" },
    { "id": 8, "english": "Pig", "french": "Cochon", "italian": "Maiale" },
    { "id": 9, "english": "Chicken", "french": "Poulet", "italian": "Pollo" },
    { "id": 10, "english": "Duck", "french": "Canard", "italian": "Anatra" },
    { "id": 11, "english": "Rabbit", "french": "Lapin", "italian": "Coniglio" },
    { "id": 12, "english": "Elephant", "french": "Éléphant", "italian": "Elefante" },
    { "id": 13, "english": "Lion", "french": "Lion", "italian": "Leone" },
    { "id": 14, "english": "Tiger", "french": "Tigre", "italian": "Tigre" },
    { "id": 15, "english": "Bear", "french": "Ours", "italian": "Orso" },
    { "id": 16, "english": "Monkey", "french": "Singe", "italian": "Scimmia" },
    { "id": 17, "english": "Giraffe", "french": "Girafe", "italian": "Giraffa" },
    { "id": 18, "english": "Zebra", "french": "Zèbre", "italian": "Zebra" },
    { "id": 19, "english": "Kangaroo", "french": "Kangourou", "italian": "Canguro" },
    { "id": 20, "english": "Panda", "french": "Panda", "italian": "Panda" },
    { "id": 21, "english": "Penguin", "french": "Pingouin", "italian": "Pinguino" },
    { "id": 22, "english": "Seal", "french": "Phoque", "italian": "Foca" },
    { "id": 23, "english": "Whale", "french": "Baleine", "italian": "Balena" },
    { "id": 24, "english": "Dolphin", "french": "Dauphin", "italian": "Delfino" },
    { "id": 25, "english": "Ostrich", "french": "Autruche", "italian": "Struzzo" },
    { "id": 26, "english": "Eagle", "french": "Aigle", "italian": "Aquila" },
    { "id": 27, "english": "Hawk", "french": "Faucon", "italian": "Falco" },
    { "id": 28, "english": "Parrot", "french": "Perroquet", "italian": "Pappagallo" },
    { "id": 29, "english": "Turkey", "french": "Dinde", "italian": "Tacchino" },
    { "id": 30, "english": "Goat", "french": "Chèvre", "italian": "Capra" },
    { "id": 31, "english": "Llama", "french": "Llama", "italian": "Lama" },
    { "id": 32, "english": "Camel", "french": "Chameau", "italian": "Cammello" },
    { "id": 33, "english": "Hedgehog", "french": "Hérisson", "italian": "Riccio" },
    { "id": 34, "english": "Bat", "french": "Chauve-souris", "italian": "Pipistrello" },
    { "id": 35, "english": "Squirrel", "french": "Écureuil", "italian": "Scoiattolo" },
    { "id": 36, "english": "Deer", "french": "Cerf", "italian": "Cervo" },
    { "id": 37, "english": "Moose", "french": "Orignal", "italian": "Alce" },
    { "id": 38, "english": "Rhinoceros", "french": "Rhinocéros", "italian": "Rinoceronte" },
    { "id": 39, "english": "Hippo", "french": "Hippopotame", "italian": "Ippopotamo" },
    { "id": 40, "english": "Sloth", "french": "Paresseux", "italian": "Bradipo" },
    { "id": 41, "english": "Otter", "french": "Loutre", "italian": "Lontra" },
    { "id": 42, "english": "Cheetah", "french": "Guépard", "italian": "Ghepardo" },
    { "id": 43, "english": "Wolf", "french": "Loup", "italian": "Lupo" },
    { "id": 44, "english": "Fox", "french": "Renard", "italian": "Volpe" },
    { "id": 45, "english": "Pigeon", "french": "Pigeon", "italian": "Piccione" },
    { "id": 46, "english": "Cockroach", "french": "Cafard", "italian": "Scarafaggio" },
    { "id": 47, "english": "Ant", "french": "Fourmi", "italian": "Formica" },
    { "id": 48, "english": "Bee", "french": "Abeille", "italian": "Ape" },
    { "id": 49, "english": "Butterfly", "french": "Papillon", "italian": "Farfalla" },
    { "id": 50, "english": "Ladybug", "french": "Coccinelle", "italian": "Coccinella" },
    { "id": 51, "english": "Worm", "french": "Ver", "italian": "Verme" },
    { "id": 52, "english": "Jellyfish", "french": "Méduse", "italian": "Medusa" }
]
