[
    { "english": "Armchair", "french": "Fauteuil", "italian": "Poltrona" },
    { "english": "Cupboard", "french": "Buffet", "italian": "Credenza" },
    { "english": "Recliner", "french": "Fauteuil inclinable", "italian": "Poltrona reclinabile" },
    { "english": "Bookcase", "french": "Bibliothèque", "italian": "Libreria" },
    { "english": "Side table", "french": "Table d'appoint", "italian": "Tavolino" },
    { "english": "Ottoman", "french": "Pouf", "italian": "Pouf" },
    { "english": "Chandelier", "french": "Chandelier", "italian": "Lampadario" },
    { "english": "Dresser", "french": "Commode", "italian": "Comò" },
    { "english": "Blinds", "french": "Stores", "italian": "Tende" },
    { "english": "Nightstand", "french": "Table de nuit", "italian": "Comodino" },
    { "english": "Coat rack", "french": "Porte-manteau", "italian": "Attaccapanni" },
    { "english": "Broom", "french": "Balai", "italian": "Scopa" },
    { "english": "Mop", "french": "Serpillière", "italian": "Mocio" },
    { "english": "Dustpan", "french": "Ramasse-poussière", "italian": "Paletta" },
    { "english": "Dish rack", "french": "Égouttoir", "italian": "Sgocciolatoio" },
    { "english": "Spatula", "french": "Spatule", "italian": "Spatola" },
    { "english": "Peeler", "french": "Éplucheur", "italian": "Pelapatate" },
    { "english": "Grater", "french": "Râpe", "italian": "Grattugia" },
    { "english": "Colander", "french": "Passoire", "italian": "Colino" },
    { "english": "Sieve", "french": "Tamis", "italian": "Setaccio" },
    { "english": "Can opener", "french": "Ouvre-boîte", "italian": "Apriscatole" },
    { "english": "Bottle opener", "french": "Décapsuleur", "italian": "Cavatappi" },
    { "english": "Measuring cup", "french": "Tasse à mesurer", "italian": "Misurino" },
    { "english": "Grill", "french": "Gril", "italian": "Griglia" },
    { "english": "Pots and pans", "french": "Casseroles et poêles", "italian": "Pentole e padelle" },
    { "english": "Baking tray", "french": "Plaque de cuisson", "italian": "Teglia" },
    { "english": "Rolling pin", "french": "Rouleau à pâtisserie", "italian": "Mattarello" },
    { "english": "Toaster oven", "french": "Four grille-pain", "italian": "Forno tostapane" },
    { "english": "Coffee maker", "french": "Machine à café", "italian": "Macchina da caffè" },
    { "english": "Blender", "french": "Mixeur", "italian": "Frullatore" },
    { "english": "Ice maker", "french": "Machine à glaçons", "italian": "Macchina per il ghiaccio" },
    { "english": "Water heater", "french": "Chauffe-eau", "italian": "Scaldabagno" },
    { "english": "Fireplace", "french": "Cheminée", "italian": "Camino" },
    { "english": "Wood stove", "french": "Poêle à bois", "italian": "Stufa a legna" },
    { "english": "Air conditioner", "french": "Climatiseur", "italian": "Condizionatore" },
    { "english": "Heater", "french": "Radiateur", "italian": "Riscaldatore" },
    { "english": "Dehumidifier", "french": "Déshumidificateur", "italian": "Deumidificatore" },
    { "english": "Humidifier", "french": "Humidificateur", "italian": "Umidificatore" },
    { "english": "Book shelf", "french": "Étagère à livres", "italian": "Scaffale per libri" },
    { "english": "Pillowcase", "french": "Housse de coussin", "italian": "Fodera per cuscino" },
    { "english": "Bedspread", "french": "Housse de lit", "italian": "Copripiumino" },
    { "english": "Blanket", "french": "Couverture", "italian": "Coperta" },
    { "english": "Sheet", "french": "Drap", "italian": "Lenzuolo" },
    { "english": "Mattress", "french": "Matelas", "italian": "Materasso" },
    { "english": "Comforter", "french": "Couette", "italian": "Piumone" },
    { "english": "Alarm clock", "french": "Réveil", "italian": "Sveglia" },
    { "english": "Shower curtain", "french": "Rideau de douche", "italian": "Tenda da doccia" },
    { "english": "Bath mat", "french": "Tapis de bain", "italian": "Tappetino da bagno" },
    { "english": "Toilet brush", "french": "Brosse de toilettes", "italian": "Spazzola per WC" },
    { "english": "Laundry basket", "french": "Panier à linge", "italian": "Cesto della biancheria" },
    { "english": "Drying rack", "french": "Étagère à linge", "italian": "Stendibiancheria" },
    { "english": "Ironing board", "french": "Planche à repasser", "italian": "Asse da stiro" },
    { "english": "Washing machine", "french": "Lave-linge", "italian": "Lavatrice" },
    { "english": "Dryer", "french": "Sèche-linge", "italian": "Asciugatrice" },
    { "english": "Clothesline", "french": "Fil à linge", "italian": "Stendibiancheria" },
    { "english": "Laundry detergent", "french": "Détergent pour lessive", "italian": "Detergente per bucato" },
    { "english": "Dish soap", "french": "Liquide vaisselle", "italian": "Detergente per piatti" },
    { "english": "Scrub brush", "french": "Brosse", "italian": "Spazzola" },
    { "english": "Sponge", "french": "Éponge", "italian": "Spugna" },
    { "english": "Vacuum cleaner", "french": "Aspirateur", "italian": "Aspirapolvere" },
    { "english": "Broom", "french": "Balai", "italian": "Scopa" },
    { "english": "Dustpan", "french": "Ramasse-poussière", "italian": "Paletta" },
    { "english": "Trash can", "french": "Poubelle", "italian": "Cestino" },
    { "english": "Recycling bin", "french": "Bac de recyclage", "italian": "Bidone per la raccolta differenziata" },
    { "english": "Doormat", "french": "Tapis de porte", "italian": "Tappetino d'ingresso" }
]
