[
    { "english": "House", "french": "Maison", "italian": "Casa" },
    { "english": "Room", "french": "Chambre", "italian": "Stanza" },
    { "english": "Kitchen", "french": "Cuisine", "italian": "Cucina" },
    { "english": "Living room", "french": "Salon", "italian": "Soggiorno" },
    { "english": "Bathroom", "french": "Salle de bain", "italian": "Bagno" },
    { "english": "Bedroom", "french": "Chambre à coucher", "italian": "Camera da letto" },
    { "english": "Dining room", "french": "Salle à manger", "italian": "Sala da pranzo" },
    { "english": "Hall", "french": "Hall", "italian": "Ingresso" },
    { "english": "Garage", "french": "Garage", "italian": "Garage" },
    { "english": "Garden", "french": "Jardin", "italian": "Giardino" },
    { "english": "Backyard", "french": "Jardin arrière", "italian": "Cortile" },
    { "english": "Front yard", "french": "Jardin avant", "italian": "Giardino anteriore" },
    { "english": "Balcony", "french": "Balcon", "italian": "Balcone" },
    { "english": "Attic", "french": "Grenier", "italian": "Sottotetto" },
    { "english": "Basement", "french": "Sous-sol", "italian": "Cantina" },
    { "english": "Roof", "french": "Toit", "italian": "Tetto" },
    { "english": "Wall", "french": "Mur", "italian": "Muro" },
    { "english": "Floor", "french": "Sol", "italian": "Pavimento" },
    { "english": "Ceiling", "french": "Plafond", "italian": "Soffitto" },
    { "english": "Door", "french": "Porte", "italian": "Porta" },
    { "english": "Window", "french": "Fenêtre", "italian": "Finestra" },
    { "english": "Stair", "french": "Escalier", "italian": "Scala" },
    { "english": "Hallway", "french": "Couloir", "italian": "Corridoio" },
    { "english": "Closet", "french": "Placard", "italian": "Armadio" },
    { "english": "Shelf", "french": "Étagère", "italian": "Scaffale" },
    { "english": "Bed", "french": "Lit", "italian": "Letto" },
    { "english": "Sofa", "french": "Canapé", "italian": "Divano" },
    { "english": "Chair", "french": "Chaise", "italian": "Sedia" },
    { "english": "Table", "french": "Table", "italian": "Tavolo" },
    { "english": "Lamp", "french": "Lampe", "italian": "Lampada" },
    { "english": "Desk", "french": "Bureau", "italian": "Scrivania" },
    { "english": "Mirror", "french": "Miroir", "italian": "Specchio" },
    { "english": "Rug", "french": "Tapis", "italian": "Tappeto" },
    { "english": "Curtain", "french": "Rideau", "italian": "Tenda" },
    { "english": "Painting", "french": "Peinture", "italian": "Quadro" },
    { "english": "Clock", "french": "Horloge", "italian": "Orologio" },
    { "english": "Television", "french": "Télévision", "italian": "Televisione" },
    { "english": "Fridge", "french": "Réfrigérateur", "italian": "Frigorifero" },
    { "english": "Oven", "french": "Four", "italian": "Forno" },
    { "english": "Microwave", "french": "Micro-ondes", "italian": "Microonde" },
    { "english": "Dishwasher", "french": "Lave-vaisselle", "italian": "Lavastoviglie" },
    { "english": "Sink", "french": "Évier", "italian": "Lavello" },
    { "english": "Stove", "french": "Cuisinière", "italian": "Fornello" },
    { "english": "Toaster", "french": "Grille-pain", "italian": "Tostapane" },
    { "english": "Kettle", "french": "Bouilloire", "italian": "Bollitore" },
    { "english": "Washing machine", "french": "Lave-linge", "italian": "Lavatrice" },
    { "english": "Dryer", "french": "Sèche-linge", "italian": "Asciugatrice" },
    { "english": "Iron", "french": "Fer à repasser", "italian": "Ferro da stiro" },
    { "english": "Ironing board", "french": "Planche à repasser", "italian": "Asse da stiro" },
    { "english": "Vacuum cleaner", "french": "Aspirateur", "italian": "Aspirapolvere" },
    { "english": "Trash can", "french": "Poubelle", "italian": "Cestino" },
    { "english": "Towel", "french": "Serviette", "italian": "Asciugamano" },
    { "english": "Toilet", "french": "Toilettes", "italian": "WC" },
    { "english": "Shower", "french": "Douche", "italian": "Doccia" },
    { "english": "Bathtub", "french": "Baignoire", "italian": "Vasca da bagno" },
    { "english": "Shampoo", "french": "Shampooing", "italian": "Shampoo" },
    { "english": "Soap", "french": "Savon", "italian": "Sapone" },
    { "english": "Toothbrush", "french": "Brosse à dents", "italian": "Spazzolino" },
    { "english": "Toothpaste", "french": "Dentifrice", "italian": "Dentifricio" }
]
