[
    { "english": "Avocado", "french": "Avocat", "italian": "Avocado" },
    { "english": "Zucchini", "french": "Courgette", "italian": "Zucchina" },
    { "english": "Spinach", "french": "Épinards", "italian": "Spinaci" },
    { "english": "Mushroom", "french": "Champignon", "italian": "Funghi" },
    { "english": "Pumpkin", "french": "Citrouille", "italian": "Zucca" },
    { "english": "Squash", "french": "Courge", "italian": "Cucuzza" },
    { "english": "Artichoke", "french": "Artichaut", "italian": "Carciofo" },
    { "english": "Asparagus", "french": "Asperge", "italian": "Asparago" },
    { "english": "Peas", "french": "Pois", "italian": "Piselli" },
    { "english": "Corn", "french": "Maïs", "italian": "Mais" },
    { "english": "Cabbage", "french": "Chou", "italian": "Cavolo" },
    { "english": "Cauliflower", "french": "Chou-fleur", "italian": "Cavolfiore" },
    { "english": "Broccoli", "french": "Brocoli", "italian": "Broccoli" },
    { "english": "Radish", "french": "Radis", "italian": "Ravanello" },
    { "english": "Celery", "french": "Céleri", "italian": "Sedano" },
    { "english": "Beetroot", "french": "Betterave", "italian": "Barbabietola" },
    { "english": "Sweet potato", "french": "Patate douce", "italian": "Patata dolce" },
    { "english": "Chili pepper", "french": "Piment", "italian": "Peperoncino" },
    { "english": "Olives", "french": "Olives", "italian": "Olive" },
    { "english": "Capers", "french": "Câpres", "italian": "Capperi" },
    { "english": "Pickles", "french": "Cornichons", "italian": "Sottaceti" },
    { "english": "Cucumber", "french": "Concombre", "italian": "Cetriolo" },
    { "english": "Lettuce", "french": "Laitue", "italian": "Lattuga" },
    { "english": "Radicchio", "french": "Radicchio", "italian": "Radicchio" },
    { "english": "Rosemary", "french": "Romarin", "italian": "Rosmarino" },
    { "english": "Thyme", "french": "Thym", "italian": "Timo" },
    { "english": "Basil", "french": "Basilic", "italian": "Basilico" },
    { "english": "Oregano", "french": "Origan", "italian": "Origano" },
    { "english": "Ginger", "french": "Gingembre", "italian": "Zenzero" },
    { "english": "Turmeric", "french": "Curcuma", "italian": "Curcuma" },
    { "english": "Cinnamon", "french": "Cannelle", "italian": "Cannella" },
    { "english": "Nutmeg", "french": "Noix de muscade", "italian": "Noce moscata" },
    { "english": "Cloves", "french": "Clous de girofle", "italian": "Chiodi di garofano" },
    { "english": "Vanilla", "french": "Vanille", "italian": "Vaniglia" },
    { "english": "Almonds", "french": "Amandes", "italian": "Mandorle" },
    { "english": "Walnuts", "french": "Noix", "italian": "Noci" },
    { "english": "Cashews", "french": "Anacardes", "italian": "Anacardi" },
    { "english": "Pistachios", "french": "Pistaches", "italian": "Pistacchi" },
    { "english": "Sunflower seeds", "french": "Graines de tournesol", "italian": "Semi di girasole" },
    { "english": "Sesame seeds", "french": "Graines de sésame", "italian": "Semi di sesamo" },
    { "english": "Peanuts", "french": "Cacahuètes", "italian": "Arachidi" },
    { "english": "Honey", "french": "Miel", "italian": "Miele" },
    { "english": "Maple syrup", "french": "Sirop d'érable", "italian": "Sciroppo d'acero" },
    { "english": "Molasses", "french": "Mélasse", "italian": "Melassa" },
    { "english": "Pasta sauce", "french": "Sauce pour pâtes", "italian": "Sugo" },
    { "english": "Soy sauce", "french": "Sauce soja", "italian": "Salsa di soia" },
    { "english": "Vinegar", "french": "Vinaigre", "italian": "Aceto" },
    { "english": "Mayonnaise", "french": "Mayonnaise", "italian": "Maionese" },
    { "english": "Mustard", "french": "Moutarde", "italian": "Senape" },
    { "english": "Ketchup", "french": "Ketchup", "italian": "Ketchup" },
    { "english": "Barbecue sauce", "french": "Sauce barbecue", "italian": "Salsa barbecue" },
    { "english": "Sour cream", "french": "Crème aigre", "italian": "Panna acida" },
    { "english": "Cream cheese", "french": "Fromage à la crème", "italian": "Formaggio cremoso" },
    { "english": "Ricotta", "french": "Ricotta", "italian": "Ricotta" }
]
