[
    { "english": "Bread", "french": "Pain", "italian": "Pane" },
    { "english": "Butter", "french": "Beurre", "italian": "Burro" },
    { "english": "Cheese", "french": "Fromage", "italian": "Formaggio" },
    { "english": "Milk", "french": "Lait", "italian": "Latte" },
    { "english": "Egg", "french": "Œuf", "italian": "Uovo" },
    { "english": "Chicken", "french": "Poulet", "italian": "Pollo" },
    { "english": "Fish", "french": "Poisson", "italian": "Pesce" },
    { "english": "Beef", "french": "Boeuf", "italian": "Manzo" },
    { "english": "Pork", "french": "Porc", "italian": "Maiale" },
    { "english": "Rice", "french": "Riz", "italian": "Riso" },
    { "english": "Pasta", "french": "Pâtes", "italian": "Pasta" },
    { "english": "Potato", "french": "Pomme de terre", "italian": "Patata" },
    { "english": "Tomato", "french": "Tomate", "italian": "Pomodoro" },
    { "english": "Onion", "french": "Oignon", "italian": "Cipolla" },
    { "english": "Garlic", "french": "Ail", "italian": "Aglio" },
    { "english": "Carrot", "french": "Carotte", "italian": "Carota" },
    { "english": "Apple", "french": "Pomme", "italian": "Mela" },
    { "english": "Banana", "french": "Banane", "italian": "Banana" },
    { "english": "Orange", "french": "Orange", "italian": "Arancia" },
    { "english": "Grapes", "french": "Raisins", "italian": "Uva" },
    { "english": "Lemon", "french": "Citron", "italian": "Limone" },
    { "english": "Lettuce", "french": "Laitue", "italian": "Lattuga" },
    { "english": "Cucumber", "french": "Concombre", "italian": "Cetriolo" },
    { "english": "Pepper", "french": "Poivron", "italian": "Peperone" },
    { "english": "Salt", "french": "Sel", "italian": "Sale" },
    { "english": "Sugar", "french": "Sucre", "italian": "Zucchero" },
    { "english": "Flour", "french": "Farine", "italian": "Farina" },
    { "english": "Oil", "french": "Huile", "italian": "Olio" },
    { "english": "Vinegar", "french": "Vinaigre", "italian": "Aceto" },
    { "english": "Salt", "french": "Sel", "italian": "Sale" },
    { "english": "Coffee", "french": "Café", "italian": "Caffè" },
    { "english": "Tea", "french": "Thé", "italian": "Tè" },
    { "english": "Juice", "french": "Jus", "italian": "Succo" },
    { "english": "Yogurt", "french": "Yaourt", "italian": "Yogurt" },
    { "english": "Honey", "french": "Miel", "italian": "Miele" },
    { "english": "Jam", "french": "Confiture", "italian": "Marmellata" },
    { "english": "Butter", "french": "Beurre", "italian": "Burro" },
    { "english": "Cake", "french": "Gâteau", "italian": "Torta" },
    { "english": "Cookies", "french": "Biscuits", "italian": "Biscotti" },
    { "english": "Ice cream", "french": "Glace", "italian": "Gelato" },
    { "english": "Pies", "french": "Tartes", "italian": "Crostata" },
    { "english": "Pudding", "french": "Crème dessert", "italian": "Budino" },
    { "english": "Noodles", "french": "Nouilles", "italian": "Tagliatelle" },
    { "english": "Spices", "french": "Épices", "italian": "Spezie" },
    { "english": "Sauce", "french": "Sauce", "italian": "Sugo" },
    { "english": "Bread roll", "french": "Petite baguette", "italian": "Panino" },
    { "english": "Butter", "french": "Beurre", "italian": "Burro" },
    { "english": "Chips", "french": "Chips", "italian": "Patatine" }
]
