[
    { "english": "Couch", "french": "Canapé", "italian": "Divano" },
    { "english": "Curtains", "french": "Rideaux", "italian": "Tende" },
    { "english": "Carpet", "french": "Tapis", "italian": "Tappeto" },
    { "english": "Drawer", "french": "Tiroir", "italian": "Cassetto" },
    { "english": "Cupboard", "french": "Placard", "italian": "Armadio" },
    { "english": "Shelf", "french": "Étagère", "italian": "Scaffale" },
    { "english": "Trash can", "french": "Poubelle", "italian": "Cestino" },
    { "english": "Vase", "french": "Vase", "italian": "Vaso" },
    { "english": "Clock", "french": "Horloge", "italian": "Orologio" },
    { "english": "Fan", "french": "Ventilateur", "italian": "Ventilatore" },
    { "english": "Vacuum cleaner", "french": "Aspirateur", "italian": "Aspirapolvere" },
    { "english": "Iron", "french": "Fer à repasser", "italian": "Ferro da stiro" },
    { "english": "Toaster", "french": "Grille-pain", "italian": "Tostapane" },
    { "english": "Kettle", "french": "Bouilloire", "italian": "Bollitore" },
    { "english": "Dishwasher", "french": "Lave-vaisselle", "italian": "Lavastoviglie" },
    { "english": "Blender", "french": "Mixeur", "italian": "Frullatore" },
    { "english": "Tissue box", "french": "Boîte de mouchoirs", "italian": "Scatola di fazzoletti" },
    { "english": "Coat rack", "french": "Porte-manteau", "italian": "Attaccapanni" },
    { "english": "Picture frame", "french": "Cadre photo", "italian": "Cornice" },
    { "english": "Lamp", "french": "Lampe", "italian": "Lampada" },
    { "english": "Tablecloth", "french": "Nappe", "italian": "Tovaglia" },
    { "english": "Napkin", "french": "Serviette", "italian": "Tovagliolo" },
    { "english": "Cushion", "french": "Coussin", "italian": "Cuscino" },
    { "english": "Blanket", "french": "Couverture", "italian": "Coperta" },
    { "english": "Pillow", "french": "Oreiller", "italian": "Cuscino" },
    { "english": "Laundry basket", "french": "Panier à linge", "italian": "Cesto della biancheria" },
    { "english": "Ironing board", "french": "Planche à repasser", "italian": "Asse da stiro" },
    { "english": "Mug", "french": "Tasse", "italian": "Mug" },
    { "english": "Teapot", "french": "Théière", "italian": "Teiera" },
    { "english": "Cutlery", "french": "Couverts", "italian": "Posate" },
    { "english": "Bowl", "french": "Bol", "italian": "Ciotola" },
    { "english": "Straw", "french": "Paille", "italian": "Canna" },
    { "english": "Pot", "french": "Pot", "italian": "Pentola" },
    { "english": "Pan", "french": "Poêle", "italian": "Padella" },
    { "english": "Colander", "french": "Passoire", "italian": "Colino" },
    { "english": "Peeler", "french": "Éplucheur", "italian": "Pelapatate" },
    { "english": "Grater", "french": "Râpe", "italian": "Grattugia" },
    { "english": "Can opener", "french": "Ouvre-boîte", "italian": "Apriscatole" },
    { "english": "Bottle opener", "french": "Décapsuleur", "italian": "Cavatappi" },
    { "english": "Measuring cup", "french": "Tasse à mesurer", "italian": "Misurino" },
    { "english": "Cutting board", "french": "Planche à découper", "italian": "Tagliere" },
    { "english": "Sponge", "french": "Éponge", "italian": "Spugna" },
    { "english": "Scrub brush", "french": "Brosse", "italian": "Spazzola" },
    { "english": "Trash bag", "french": "Sac poubelle", "italian": "Sacchetto dell'immondizia" },
    { "english": "Dish rack", "french": "Égouttoir", "italian": "Sgocciolatoio" },
    { "english": "Soap dispenser", "french": "Distributeur de savon", "italian": "Dosatore di sapone" },
    { "english": "Towel rack", "french": "Porte-serviettes", "italian": "Porta-asciugamani" },
    { "english": "Shower curtain", "french": "Rideau de douche", "italian": "Tenda da doccia" },
    { "english": "Bath mat", "french": "Tapis de bain", "italian": "Tappetino da bagno" },
    { "english": "Shower head", "french": "Pommeau de douche", "italian": "Solette della doccia" },
    { "english": "Toilet brush", "french": "Brosse de toilette", "italian": "Spazzola per WC" }
]
