[
    { "english": "The lamp on the table is very bright.", "french": "La lampe sur la table est très lumineuse.", "italian": "La lampada sul tavolo è molto luminosa." },
    { "english": "She put the vase on the shelf.", "french": "Elle a mis le vase sur l'étagère.", "italian": "Ha messo il vaso sulla mensola." },
    { "english": "I need to buy a new toaster.", "french": "J'ai besoin d'acheter un nouveau grille-pain.", "italian": "Ho bisogno di comprare un nuovo tostapane." },
    { "english": "The clock on the wall is broken.", "french": "L'horloge sur le mur est cassée.", "italian": "L'orologio sulla parete è rotto." },
    { "english": "He placed the coffee cup on the saucer.", "french": "Il a placé la tasse à café sur la soucoupe.", "italian": "Ha messo la tazza da caffè sulla saucer." },
    { "english": "She folded the blanket and put it on the bed.", "french": "Elle a plié la couverture et l'a mise sur le lit.", "italian": "Ha piegato la coperta e l'ha messa sul letto." },
    { "english": "The iron is on the ironing board.", "french": "Le fer à repasser est sur la planche à repasser.", "italian": "Il ferro da stiro è sulla asse da stiro." },
    { "english": "The fridge is full of food.", "french": "Le réfrigérateur est plein de nourriture.", "italian": "Il frigorifero è pieno di cibo." },
    { "english": "She cleaned the table with a sponge.", "french": "Elle a nettoyé la table avec une éponge.", "italian": "Ha pulito il tavolo con una spugna." },
    { "english": "The curtains in the living room are blue.", "french": "Les rideaux du salon sont bleus.", "italian": "Le tende nel soggiorno sono blu." },
    { "english": "He put the dirty dishes in the dishwasher.", "french": "Il a mis les plats sales dans le lave-vaisselle.", "italian": "Ha messo i piatti sporchi nella lavastoviglie." },
    { "english": "The cutting board is made of wood.", "french": "La planche à découper est en bois.", "italian": "Il tagliere è di legno." },
    { "english": "The fan is on because it’s hot.", "french": "Le ventilateur est allumé parce qu'il fait chaud.", "italian": "Il ventilatore è acceso perché fa caldo." },
    { "english": "She placed a pot on the stove.", "french": "Elle a placé une casserole sur la cuisinière.", "italian": "Ha messo una pentola sul fornello." },
    { "english": "The toilet brush is in the bathroom.", "french": "La brosse de toilette est dans la salle de bain.", "italian": "La spazzola per WC è nel bagno." },
    { "english": "He used a can opener to open the tin.", "french": "Il a utilisé un ouvre-boîte pour ouvrir la boîte.", "italian": "Ha usato un apriscatole per aprire la lattina." },
    { "english": "The soap dispenser is next to the sink.", "french": "Le distributeur de savon est à côté de l'évier.", "italian": "Il dosatore di sapone è accanto al lavello." },
    { "english": "The trash can is full.", "french": "La poubelle est pleine.", "italian": "Il cestino è pieno." },
    { "english": "The shower curtain is green.", "french": "Le rideau de douche est vert.", "italian": "La tenda da doccia è verde." },
    { "english": "The bedspread matches the curtains.", "french": "La housse de lit s'accorde avec les rideaux.", "italian": "La coperta si abbina alle tende." },
    { "english": "She wrote with a pen on the notebook.", "french": "Elle a écrit avec un stylo sur le cahier.", "italian": "Ha scritto con una penna sul quaderno." },
    { "english": "The teapot is on the stove.", "french": "La théière est sur la cuisinière.", "italian": "La teiera è sul fornello." },
    { "english": "He turned off the light switch.", "french": "Il a éteint l'interrupteur de la lumière.", "italian": "Ha spento l'interruttore della luce." },
    { "english": "The drawer is full of utensils.", "french": "Le tiroir est plein d'ustensiles.", "italian": "Il cassetto è pieno di utensili." },
    { "english": "The umbrella is in the closet.", "french": "Le parapluie est dans le placard.", "italian": "L'ombrello è nell'armadio." },
    { "english": "The bath mat is soft and fluffy.", "french": "Le tapis de bain est doux et moelleux.", "italian": "Il tappetino da bagno è morbido e soffice." },
    { "english": "She wore a scarf around her neck.", "french": "Elle portait une écharpe autour de son cou.", "italian": "Ha indossato una sciarpa intorno al collo." },
    { "english": "The mop is stored in the closet.", "french": "La serpillière est rangée dans le placard.", "italian": "Il mocio è conservato nell'armadio." },
    { "english": "The bottle opener is in the kitchen drawer.", "french": "Le décapsuleur est dans le tiroir de la cuisine.", "italian": "Il cavatappi è nel cassetto della cucina." },
    { "english": "The shower head needs to be cleaned.", "french": "Le pommeau de douche doit être nettoyé.", "italian": "La doccetta deve essere pulita." },
    { "english": "She used a grater to shred the cheese.", "french": "Elle a utilisé une râpe pour râper le fromage.", "italian": "Ha usato una grattugia per grattugiare il formaggio." },
    { "english": "The sink is clogged with food scraps.", "french": "L'évier est bouché avec des déchets alimentaires.", "italian": "Il lavello è intasato con avanzi di cibo." },
    { "english": "He hung the coat on the coat rack.", "french": "Il a accroché le manteau au porte-manteau.", "italian": "Ha appeso il cappotto all'attaccapanni." },
    { "english": "The mirror in the bathroom is foggy.", "french": "Le miroir dans la salle de bain est embrumé.", "italian": "Lo specchio in bagno è appannato." },
    { "english": "She used a spatula to flip the pancakes.", "french": "Elle a utilisé une spatule pour retourner les crêpes.", "italian": "Ha usato una spatola per girare i pancake." },
    { "english": "The hairbrush is on the vanity.", "french": "La brosse à cheveux est sur la coiffeuse.", "italian": "La spazzola per capelli è sulla toeletta." },
    { "english": "The tissue box is on the nightstand.", "french": "La boîte de mouchoirs est sur la table de chevet.", "italian": "La scatola di fazzoletti è sul comodino." },
    { "english": "He put the dishes in the sink.", "french": "Il a mis les assiettes dans l'évier.", "italian": "Ha messo i piatti nel lavello." },
    { "english": "The fan is making a lot of noise.", "french": "Le ventilateur fait beaucoup de bruit.", "italian": "Il ventilatore fa molto rumore." },
    { "english": "The wardrobe is full of clothes.", "french": "L'armoire est pleine de vêtements.", "italian": "L'armadio è pieno di vestiti." },
    { "english": "The ironing board is in the laundry room.", "french": "La planche à repasser est dans la buanderie.", "italian": "L'asse da stiro è nella lavanderia." },
    { "english": "The coffee maker is on the kitchen counter.", "french": "La machine à café est sur le comptoir de la cuisine.", "italian": "La macchina da caffè è sul piano della cucina." }
]
