[
    { "english": "Table", "french": "Table", "italian": "Tavolo" },
    { "english": "Chair", "french": "Chaise", "italian": "Sedia" },
    { "english": "Bed", "french": "Lit", "italian": "Letto" },
    { "english": "Door", "french": "Porte", "italian": "Porta" },
    { "english": "Window", "french": "Fenêtre", "italian": "Finestra" },
    { "english": "Lamp", "french": "Lampe", "italian": "Lampada" },
    { "english": "Phone", "french": "Téléphone", "italian": "Telefono" },
    { "english": "Book", "french": "Livre", "italian": "Libro" },
    { "english": "Pen", "french": "Stylo", "italian": "Penna" },
    { "english": "Notebook", "french": "Cahier", "italian": "Quaderno" },
    { "english": "Clock", "french": "Horloge", "italian": "Orologio" },
    { "english": "Computer", "french": "Ordinateur", "italian": "Computer" },
    { "english": "Television", "french": "Télévision", "italian": "Televisione" },
    { "english": "Refrigerator", "french": "Réfrigérateur", "italian": "Frigorifero" },
    { "english": "Microwave", "french": "Micro-ondes", "italian": "Microonde" },
    { "english": "Oven", "french": "Four", "italian": "Forno" },
    { "english": "Stove", "french": "Cuisinière", "italian": "Fornello" },
    { "english": "Sink", "french": "Évier", "italian": "Lavello" },
    { "english": "Tablecloth", "french": "Nappe", "italian": "Tovaglia" },
    { "english": "Cup", "french": "Tasse", "italian": "Tazza" },
    { "english": "Plate", "french": "Assiette", "italian": "Piatto" },
    { "english": "Fork", "french": "Fourchette", "italian": "Forchetta" },
    { "english": "Knife", "french": "Couteau", "italian": "Coltello" },
    { "english": "Spoon", "french": "Cuillère", "italian": "Cucchiaio" },
    { "english": "Glass", "french": "Verre", "italian": "Bicchiere" },
    { "english": "Towel", "french": "Serviette", "italian": "Asciugamano" },
    { "english": "Toothbrush", "french": "Brosse à dents", "italian": "Spazzolino" },
    { "english": "Toothpaste", "french": "Dentifrice", "italian": "Dentifricio" },
    { "english": "Shampoo", "french": "Shampooing", "italian": "Shampoo" },
    { "english": "Soap", "french": "Savon", "italian": "Sapone" },
    { "english": "Comb", "french": "Peigne", "italian": "Pettine" },
    { "english": "Brush", "french": "Brosse", "italian": "Spazzola" },
    { "english": "Mirror", "french": "Miroir", "italian": "Specchio" },
    { "english": "Bedspread", "french": "Housse de lit", "italian": "Coperta" },
    { "english": "Pillow", "french": "Oreiller", "italian": "Cuscino" },
    { "english": "Blanket", "french": "Couverture", "italian": "Coperta" },
    { "english": "Wardrobe", "french": "Armoire", "italian": "Armadio" },
    { "english": "Drawer", "french": "Tiroir", "italian": "Cassetto" },
    { "english": "Shelf", "french": "Étagère", "italian": "Scaffale" },
    { "english": "Bag", "french": "Sac", "italian": "Borsa" },
    { "english": "Key", "french": "Clé", "italian": "Chiave" },
    { "english": "Wallet", "french": "Portefeuille", "italian": "Portafoglio" },
    { "english": "Umbrella", "french": "Parapluie", "italian": "Ombrello" },
    { "english": "Shoes", "french": "Chaussures", "italian": "Scarpe" },
    { "english": "Boots", "french": "Bottes", "italian": "Stivali" },
    { "english": "Hat", "french": "Chapeau", "italian": "Cappello" },
    { "english": "Scarf", "french": "Écharpe", "italian": "Sciarpa" },
    { "english": "Gloves", "french": "Gants", "italian": "Guanti" },
    { "english": "Sunglasses", "french": "Lunettes de soleil", "italian": "Occhiali da sole" },
    { "english": "Watch", "french": "Montre", "italian": "Orologio" },
    { "english": "Camera", "french": "Appareil photo", "italian": "Macchina fotografica" },
    { "english": "Clock", "french": "Horloge", "italian": "Orologio" },
    { "english": "Fan", "french": "Ventilateur", "italian": "Ventilatore" },
    { "english": "Air conditioner", "french": "Climatiseur", "italian": "Aria condizionata" },
    { "english": "Vacuum cleaner", "french": "Aspirateur", "italian": "Aspirapolvere" }
]
