[
    { "english": "Hello", "french": "Bonjour", "italian": "Ciao" },
    { "english": "Goodbye", "french": "Au revoir", "italian": "Addio" },
    { "english": "Please", "french": "S'il vous plaît", "italian": "Per favore" },
    { "english": "Thank you", "french": "Merci", "italian": "Grazie" },
    { "english": "You're welcome", "french": "De rien", "italian": "Prego" },
    { "english": "Sorry", "french": "Désolé", "italian": "Mi dispiace" },
    { "english": "Excuse me", "french": "Excusez-moi", "italian": "Scusa" },
    { "english": "Good morning", "french": "Bonjour", "italian": "Buongiorno" },
    { "english": "Good afternoon", "french": "Bon après-midi", "italian": "Buon pomeriggio" },
    { "english": "Good evening", "french": "Bonsoir", "italian": "Buona sera" },
    { "english": "Good night", "french": "Bonne nuit", "italian": "Buona notte" },
    { "english": "How are you?", "french": "Comment ça va ?", "italian": "Come stai?" },
    { "english": "I'm fine, thank you", "french": "Je vais bien, merci", "italian": "Sto bene, grazie" },
    { "english": "Nice to meet you", "french": "Enchanté", "italian": "Piacere" },
    { "english": "See you later", "french": "À plus tard", "italian": "A più tardi" },
    { "english": "See you soon", "french": "À bientôt", "italian": "A presto" },
    { "english": "Take care", "french": "Prends soin de toi", "italian": "Abbi cura di te" },
    { "english": "Have a good day", "french": "Bonne journée", "italian": "Buona giornata" },
    { "english": "Have a good weekend", "french": "Bon week-end", "italian": "Buon weekend" },
    { "english": "Congratulations", "french": "Félicitations", "italian": "Congratulazioni" },
    { "english": "Good luck", "french": "Bonne chance", "italian": "Buona fortuna" },
    { "english": "What’s your name?", "french": "Comment tu t'appelles ?", "italian": "Come ti chiami?" },
    { "english": "My name is...", "french": "Je m'appelle...", "italian": "Mi chiamo..." },
    { "english": "I don’t understand", "french": "Je ne comprends pas", "italian": "Non capisco" },
    { "english": "Can you help me?", "french": "Pouvez-vous m'aider ?", "italian": "Puoi aiutarmi?" },
    { "english": "I’m lost", "french": "Je suis perdu", "italian": "Mi sono perso" },
    { "english": "I need a doctor", "french": "J'ai besoin d'un médecin", "italian": "Ho bisogno di un dottore" },
    { "english": "How much does this cost?", "french": "Combien ça coûte ?", "italian": "Quanto costa?" },
    { "english": "Where is the bathroom?", "french": "Où sont les toilettes ?", "italian": "Dove è il bagno?" },
    { "english": "I’m sorry for the inconvenience", "french": "Je suis désolé pour le dérangement", "italian": "Mi scuso per l'inconveniente" },
    { "english": "It’s okay", "french": "Ça va", "italian": "Va bene" },
    { "english": "I’m happy", "french": "Je suis heureux", "italian": "Sono felice" },
    { "english": "I’m sad", "french": "Je suis triste", "italian": "Sono triste" },
    { "english": "It’s very nice", "french": "C'est très bien", "italian": "È molto bello" },
    { "english": "It’s not a problem", "french": "Ce n'est pas un problème", "italian": "Non è un problema" },
    { "english": "What time is it?", "french": "Quelle heure est-il ?", "italian": "Che ore sono?" },
    { "english": "I’m tired", "french": "Je suis fatigué", "italian": "Sono stanco" },
    { "english": "I’m excited", "french": "Je suis excité", "italian": "Sono entusiasta" },
    { "english": "I’m bored", "french": "Je m'ennuie", "italian": "Mi annoio" },
    { "english": "I’m hungry", "french": "J'ai faim", "italian": "Ho fame" },
    { "english": "I’m thirsty", "french": "J'ai soif", "italian": "Ho sete" },
    { "english": "How do you say this in English?", "french": "Comment dit-on cela en anglais ?", "italian": "Come si dice questo in inglese?" },
    { "english": "Can you speak slower?", "french": "Pouvez-vous parler plus lentement ?", "italian": "Puoi parlare più lentamente?" },
    { "english": "I need a taxi", "french": "J'ai besoin d'un taxi", "italian": "Ho bisogno di un taxi" },
    { "english": "Is this seat taken?", "french": "Ce siège est-il occupé ?", "italian": "Questo posto è occupato?" },
    { "english": "I’m here on vacation", "french": "Je suis ici en vacances", "italian": "Sono qui in vacanza" },
    { "english": "I’m here on business", "french": "Je suis ici pour affaires", "italian": "Sono qui per lavoro" },
    { "english": "Do you speak English?", "french": "Parlez-vous anglais ?", "italian": "Parli inglese?" }
]
