 {
      "0": {
        "french": "Je vais à l'école tous les jours.",
        "english": "I go to school every day.",
        "italian": "Vado a scuola ogni giorno."
      },
      "1": {
        "french": "Le chat dort sur le canapé.",
        "english": "The cat sleeps on the couch.",
        "italian": "Il gatto dorme sul divano."
      },
      "2": {
        "french": "Elle aime lire des livres.",
        "english": "She loves reading books.",
        "italian": "Lei ama leggere libri."
      },
      "3": {
        "french": "Il pleut beaucoup aujourd'hui.",
        "english": "It is raining a lot today.",
        "italian": "Oggi piove molto."
      },
      "4": {
        "french": "Nous allons au parc cet après-midi.",
        "english": "We are going to the park this afternoon.",
        "italian": "Andiamo al parco questo pomeriggio."
      },
      "5": {
        "french": "Je préfère les chiens aux chats.",
        "english": "I prefer dogs to cats.",
        "italian": "Preferisco i cani ai gatti."
      },
      "6": {
        "french": "Le soleil brille dans le ciel.",
        "english": "The sun is shining in the sky.",
        "italian": "Il sole splende nel cielo."
      },
      "7": {
        "french": "Elle parle couramment trois langues.",
        "english": "She speaks three languages fluently.",
        "italian": "Lei parla fluentemente tre lingue."
      },
      "8": {
        "french": "Ils jouent au football après l'école.",
        "english": "They play football after school.",
        "italian": "Giocano a calcio dopo la scuola."
      },
      "9": {
        "french": "Nous avons visité un musée ce matin.",
        "english": "We visited a museum this morning.",
        "italian": "Abbiamo visitato un museo questa mattina."
      },
      "10": {
        "french": "Je bois du café chaque matin.",
        "english": "I drink coffee every morning.",
        "italian": "Bevo caffè ogni mattina."
      },
      "11": {
        "french": "Il a acheté une nouvelle voiture hier.",
        "english": "He bought a new car yesterday.",
        "italian": "Ha comprato una nuova macchina ieri."
      },
      "12": {
        "french": "Elle a cuisiné un délicieux repas.",
        "english": "She cooked a delicious meal.",
        "italian": "Ha cucinato un pasto delizioso."
      },
      "13": {
        "french": "Nous regardons un film ce soir.",
        "english": "We are watching a movie tonight.",
        "italian": "Guardiamo un film stasera."
      },
      "14": {
        "french": "Je travaille à domicile aujourd'hui.",
        "english": "I am working from home today.",
        "italian": "Oggi lavoro da casa."
      },
      "15": {
        "french": "Ils étudient pour l'examen de demain.",
        "english": "They are studying for tomorrow's exam.",
        "italian": "Stanno studiando per l'esame di domani."
      },
      "16": {
        "french": "Le train part dans dix minutes.",
        "english": "The train leaves in ten minutes.",
        "italian": "Il treno parte tra dieci minuti."
      },
      "17": {
        "french": "Nous avons passé un bon moment hier soir.",
        "english": "We had a great time last night.",
        "italian": "Abbiamo passato una bella serata ieri sera."
      },
      "18": {
        "french": "Elle a trouvé un travail dans une grande entreprise.",
        "english": "She found a job at a big company.",
        "italian": "Ha trovato un lavoro in una grande azienda."
      },
      "19": {
        "french": "Je joue du piano depuis cinq ans.",
        "english": "I have been playing the piano for five years.",
        "italian": "Suono il pianoforte da cinque anni."
      }
    }
  